user,tier,retweets_received
中国联通,BlueV,563
小杨看军事,YellowV,520
集微网官方微博,BlueV,434
夜尘锋刃,RedV,305
手机中国联盟官博,BlueV,189
央视新闻,Regular,188
观察者网,BlueV,142
金善禹Sunoo_EN-,GoldV,130
疯产姐妹王富贵,Regular,126
央视网,Regular,114
环球时报,Regular,110
玉渊谭天,GoldV,102
财联社APP,Regular,92
今日俄罗斯RT,BlueV,83
小炒肉的游戏日常,RedV,77
凤凰网,BlueV,73
北京日报,Regular,69
买家张俊,GoldV,65
杨瀚微博,YellowV,64
礼哥,RedV,63
参考消息,Regular,62
环球网,Regular,61
余丰慧,GoldV,56
新浪财经,BlueV,55
赛轮集团,Regular,48
前HR本人,GoldV,46
金华磊哥,GoldV,44
日经中文网,BlueV,43
李建秋的世界,GoldV,43
种斌Marco,GoldV,43
俄罗斯卫星通讯社,BlueV,41
新浪新闻,BlueV,38
无心简影,GoldV,38
半导体投资联盟,BlueV,37
微博汽车,BlueV,37
CCTV国际时讯,Regular,36
中美聚焦,BlueV,35
雷斯林Raist,GoldV,34
雅迪电动车官方微博,BlueV,34
沙姆雄狮_EL,GoldV,33
布哈拉丝绸游台湾,RedV,31
牂牁萨满,GoldV,31
缘木球鱼,GoldV,30
Herbiewu,GoldV,29
李斌,Regular,29
城门立木战法,RedV,27
北京鲁戈,RedV,26
微天下,BlueV,26
樊百乐,RedV,26
美丽燕郊,RedV,26
lesliesay,RedV,25
康斯坦丁,GoldV,25
中国蓝新闻,Regular,25
Degg_GlobalMacroFin,RedV,24
薛小荣,YellowV,24
小鱼渡劫,GoldV,23
尼克安闲,RedV,23
新浪热点,BlueV,23
月老云上香,RedV,23
早报网,BlueV,22
正心以中and修身以和,Regular,22
前主编,BlueV,22
王言它,GoldV,22
中国反邪教,BlueV,22
王冰汝,GoldV,22
光头怪博士,RedV,22
王虎的舰桥,GoldV,21
新华网,Regular,21
头条新闻,BlueV,21
飞象网项立刚,GoldV,20
包容万物恒河水,GoldV,20
寰亚SYHP,GoldV,20
大皖新闻,Regular,20
重庆校园,BlueV,20
萌萌撩车,RedV,20
雷军,GoldV,20
红星视频,Regular,20
世界经济论坛,BlueV,19
两仪生麻瓜,GoldV,19
南海的浪涛,GoldV,19
老王谈改革,GoldV,19
人民日报,Regular,19
台铃电动车,BlueV,19
Countrycat,RedV,18
疯狂大Uncle,RedV,18
Enid生活家,RedV,18
风云学会陈经,GoldV,17
黄胜友,YellowV,17
谷大白话,GoldV,17
品茶说酒,GoldV,17
一纸琉涟,GoldV,17
钛媒体影像,BlueV,17
台湾那点事儿,GoldV,17
飞飞大玩家,RedV,17
封面小主,GoldV,17
钱局观V,RedV,16
风闻社区,BlueV,16
张洲,GoldV,16
微彰琦谈,RedV,16
大风评点,GoldV,16
钱多多测评,GoldV,16
战刀007,GoldV,15
美国驻华大使馆,BlueV,15
蜗牛柯基,GoldV,15
小约翰可敦,RedV,15
华尔街见闻APP,BlueV,14
奔六,RedV,14
我就是喜欢看小说,GoldV,14
谯华,RedV,14
生产队巡查员,GoldV,14
笨蛋侦探,Regular,14
生态梦人,RedV,14
井底望天,RedV,14
黄凡,RedV,13
姬永锋,GoldV,13
股道热肠也,GoldV,13
LoneSchicksal,RedV,13
法国漂,GoldV,13
裁判今天没戴眼镜,Regular,13
清凉历史,GoldV,13
蓝绿那点事,GoldV,13
科技水手,RedV,13
每日经济新闻,Regular,12
巍岳钦禹,GoldV,12
紫扬剑的微博,Regular,12
大弟子Leo,GoldV,12
娛樂圈新聞速遞,YellowV,12
卢克文,GoldV,12
子陵在听歌,RedV,12
钱江视频,Regular,12
iQOO手机,Regular,12
学术卷王,Regular,12
总之是盘蛋包饭,Regular,12
paingod,GoldV,11
礼哥说科技,RedV,11
Kevin在纽约,GoldV,11
杨易君黄金与金融投资,RedV,11
后沙月光本尊,GoldV,11
大大大餅干丶,GoldV,11
领事闲谈,GoldV,11
疯狂大象,RedV,11
lyman2003,GoldV,11
泡泡大个冒,GoldV,11
陈怡然-杜克大学,RedV,11
老杳,YellowV,11
水水兄同学,RedV,11
卢麒元,GoldV,10
新浪证券,BlueV,10
海南廖孝炳,YellowV,10
马上谈,GoldV,10
观察者网出行中心,BlueV,10
鬼谷子兔爷,GoldV,10
宋晓军,GoldV,10
朱世巍,RedV,10
刘维钧决策舆论,RedV,10
老巴SMS,YellowV,10
前HR随笔,GoldV,10
河南国资,BlueV,9
香港文匯網,BlueV,9
穗城流年,YellowV,9
卢旭宁,GoldV,9
模型预测,GoldV,9
新华社,Regular,9
内幕live_9zov,GoldV,9
牧星观海天,GoldV,9
古典奥派主义者,GoldV,9
木易薰Kaoru2,Regular,9
汴人郭威,GoldV,9
科技地雷,Regular,9
五桶工坊,GoldV,9
大象观点,GoldV,9
悠然米拉,GoldV,9
游研社,GoldV,9
独处的纳兰88,Regular,9
西北信息报,BlueV,9
老县城李刚,RedV,9
科技小泷,GoldV,9
Anry-Young,GoldV,9
大越楚卿,GoldV,8
刘耘博士,GoldV,8
犀小莉,GoldV,8
中国新闻网,Regular,8
夏星繁,YellowV,8
央视财经,Regular,8
种花家的菌事兔,GoldV,8
小菌,GoldV,8
小哥测评,RedV,8
财经网,BlueV,8
李楠或kkk,GoldV,8
魏建军,Regular,8
潇洒友A,RedV,8
祝您诸事皆顺,RedV,8
新华国际,Regular,8
新日电动车,BlueV,8
绿源电动车,BlueV,8
新蜜蜂alex182,Regular,8
科技小焱,GoldV,8
韩如柒,GoldV,8
影视圈达人,Regular,8
小六忠诚,GoldV,7
互联网小e,GoldV,7
水獭一般编-阿怡,GoldV,7
历史的进城,GoldV,7
Houson猴姆,GoldV,7
纪春生在美国,GoldV,7
陆战铁骑,GoldV,7
Hai科技,RedV,7
-四分三十三秒-,GoldV,7
孤烟暮蝉,GoldV,7
空警世界,GoldV,7
镜子杂谈,GoldV,7
中国三农发布,Regular,7
wanshi童鞋2,GoldV,7
南亚研究通讯,GoldV,7
杜利勇,RedV,7
小锤同学呀,RedV,7
山东高法,BlueV,7
CoconutW,Regular,7
CaseyStoner2013,RedV,7
心有半亩花田eternity,Regular,7
梁祯元_TheOnlyWon,GoldV,7
寝取的史官,Regular,7
一个院长的思考,GoldV,7
32号科技所,GoldV,7
爱国青年刘战神,GoldV,7
心灵安抚处,RedV,7
吴学兰,RedV,7
炬火军号,RedV,7
尤南金,Regular,7
Value_at_Risk,GoldV,6
东方财富网,BlueV,6
你能不能多见见世面,YellowV,6
胖才,RedV,6
监管123渣烂,Regular,6
六爷阿旦,GoldV,6
艾菲爾塔莉2020,Regular,6
深蓝财经,BlueV,6
宋鸿兵,GoldV,6
镜子里的财经,RedV,6
西雅图夏至,GoldV,6
天行两端,GoldV,6
环球市场播报,BlueV,6
军武季,GoldV,6
挖地瓜的超级鹿鼎公,GoldV,6
吕宁思,GoldV,6
老出差的程序员,GoldV,6
阿尔法之军事,RedV,6
深圳宁南山,RedV,6
万理PKT,RedV,6
提刀探花在缅北,GoldV,6
帮主郑重,Regular,6
薛亦墨,Regular,6
财航木子,Regular,6
洪源,GoldV,6
IT之家,BlueV,6
拾食记,Regular,6
地球镜头A,GoldV,6
弱智吧官微,Regular,6
江宇行舟,GoldV,6
我的昵称不记得了,GoldV,6
皓伦王明川,GoldV,6
伟国视点,GoldV,6
连线记者,GoldV,6
新浪汽车,BlueV,6
苏世山成长价值投资,GoldV,5
修行的围脖,Regular,5
钛诺生活家,GoldV,5
超短明哥,YellowV,5
不是郑小康,GoldV,5
新浪科技,BlueV,5
津云新闻,Regular,5
眉山论剑陈平,RedV,5
郝倩在欧洲,RedV,5
扬韬,GoldV,5
王又又,GoldV,5
某非洲酋长2,GoldV,5
洪灝的宏观策略,GoldV,5
科罗廖夫,GoldV,5
清宁日月v,GoldV,5
飞扬军事铁背心,GoldV,5
千万正能量,RedV,5
FT中文网,Regular,5
踏浪揽财,RedV,5
-书剑舞-,GoldV,5
新京报,Regular,5
卢晓周,RedV,5
史凝眸,GoldV,5
银卓金融YZ银卓法律,BlueV,5
看看新闻Knews,Regular,5
90后,YellowV,5
御史在野,GoldV,5
香港商報,BlueV,5
川北小哥,GoldV,5
凤凰卫视,BlueV,5
零落的黄色枫叶,YellowV,5
辣叶摧秋,YellowV,5
斯图卡98,GoldV,5
21世纪经济报道,Regular,5
哈瓦洛hawalo,GoldV,5
互联网料哥,GoldV,5
张化学,RedV,5
新电动,Regular,5
BVLGARI宝格丽,BlueV,5
军武吐槽,GoldV,5
科技INF,RedV,5
智慧科技迷,Regular,5
向小田,GoldV,5
叉__叉,Regular,5
总台环球资讯,Regular,5
深圳科技园三毛,RedV,5
北京青年报,Regular,5
会魔法的卢卡斯,Regular,5
财经林妹妹,RedV,5
万年炎帝,GoldV,5
舵手无畏,GoldV,5
深圳县令,GoldV,5
梨视频,BlueV,5
长征后卫薛伯陵,GoldV,5
科学未来人,GoldV,5
人才76116,RedV,5
999战报速递,RedV,5
帝吧官微,GoldV,5
-伊非-,RedV,5
第一球迷胖哥,GoldV,5
水果大米种植户,RedV,5
评点一哥,GoldV,5
通州瞭望者,Regular,5
徐顺达,GoldV,5
马克笔游老师,GoldV,5
路飞科技说,GoldV,5
阳阳科技匠,Regular,5
大嘴洞悉Plus,GoldV,5
深圳新闻网,Regular,5
林燃,RedV,5
藏海传官微,Regular,5
Creamy蕉,GoldV,4
Pinkshe任然-,RedV,4
财经杂志,BlueV,4
分析师的百年孤独,RedV,4
林耘,GoldV,4
空天砺剑,GoldV,4
楚团长聊聊天,GoldV,4
空中先锋,YellowV,4
财新网,BlueV,4
金灿荣教授,GoldV,4
博古忠国闻天尚文秋怡果周孝贵,Regular,4
半个空中飞人,RedV,4
卢晓周战略,YellowV,4
宁波晚报,Regular,4
王成强_Futures,RedV,4
澎湃新闻,Regular,4
水獭otter,RedV,4
神嘛事儿,GoldV,4
阿司匹林42195米,RedV,4
酒徒am37,Regular,4
诗卓卓丫,GoldV,4
旺霏旺霏,Regular,4
萌音大酋长,GoldV,4
赵盛烨,GoldV,4
新浪军事,BlueV,4
别梦依稀笑逝川,GoldV,4
司马平邦,GoldV,4
努力的西海,GoldV,4
新浪新闻滚动,BlueV,4
胜利主义章北海,GoldV,4
7万小时17年交易者2,RedV,4
吴同的体育写作本,GoldV,4
第一财经日报,Regular,4
长春老哥,RedV,4
睡眠不足的树袋熊,Regular,4
商河融媒,BlueV,4
卢斯克,Regular,4
新浪看点,BlueV,4
快科技官方,BlueV,4
山高县2020,GoldV,4
德国驻华大使馆,BlueV,4
神秘观众,Regular,4
林俊杰,Regular,4
上海国际电影节,BlueV,4
闪电新闻,Regular,4
哈勃观察员,RedV,4
比亚迪李云飞,Regular,4
呱呱每日冲浪,Regular,4
水星kids,BlueV,4
生命时报,Regular,4
专业戳轮胎熊律师,GoldV,4
梅新育,RedV,4
大圣军武,GoldV,4
逐汐而鸣,RedV,4
如皋老猫,RedV,4
petriv,GoldV,4
蜂鸟,Regular,4
作家崔C浩,Regular,4
青青虫的微博,GoldV,4
郭松民,RedV,4
江上的路,Regular,4
鲁镇的柜台,RedV,4
一品白牙,RedV,4
小凡好摄,GoldV,4
木木不在瘦,GoldV,4
星语寒寒,GoldV,4
方之夫,GoldV,4
凤凰张霆锋,YellowV,4
茜茜儿Cecile,YellowV,4
军机不可泄露,GoldV,4
时光网Mtime,Regular,4
飞棉花絮,GoldV,4
续写蓝精灵的故事,GoldV,4
东营网官方微博,Regular,4
庚白星君,GoldV,4
老张评论,Regular,4
韬闻,GoldV,4
小丁姑娘,YellowV,4
科技星辰说,RedV,4
一休科技君,RedV,4
极客新一,Regular,4
合一队长,YellowV,4
阿呆数码科技,YellowV,4
麒麟神侯,GoldV,3
南海之声,Regular,3
黑夜之睛滚雪球,GoldV,3
新物种说,GoldV,3
云无心45,GoldV,3
彼得堡的肥天鹅,RedV,3
高志凯频道,GoldV,3
农特,Regular,3
韩路,GoldV,3
wu2198,GoldV,3
评论员杜平,RedV,3
大数云海君,RedV,3
红石情报总局,BlueV,3
小浣熊1230,RedV,3
孤傲的狂生,GoldV,3
玩糖的,GoldV,3
黄文政关注人口问题,YellowV,3
万里桐花开,GoldV,3
机工战略,BlueV,3
鱼觉兽一号,Regular,3
爱记仇的小熊猫,GoldV,3
猫笔刀的小迷妹,RedV,3
幫港出聲,BlueV,3
鹏程蛇口,GoldV,3
牛春宝,RedV,3
内蒙古反邪教,BlueV,3
沉迷丑酱nne,RedV,3
风吟天下,RedV,3
宝玉xp,GoldV,3
ColinShen-CFA,RedV,3
王江雨Law,RedV,3
宏观对冲陈凯丰Kevin,RedV,3
石磊Attractor_MS,RedV,3
赵铮-同志,GoldV,3
Venusyaaaaa,Regular,3
侠客岛,Regular,3
宏康010,GoldV,3
朱文晖,RedV,3
学习时代APP,BlueV,3
真诚的知识分享,GoldV,3
白俄罗斯大宽,GoldV,3
sfw的赛博日记,Regular,3
陶侃疫苗,YellowV,3
郎咸平,YellowV,3
李山泉博客,RedV,3
船老大美股日志,RedV,3
2049年的世界,GoldV,3
李鲆,GoldV,3
森林狼咨询-数字化成就百万梦,Regular,3
中国长安网,BlueV,3
看谁谁升咖,Regular,3
老李滔滔不绝,RedV,3
陶笙畅评测,RedV,3
苏汶涛,Regular,3
科技二毛,Regular,3
芯谋研究顾文军,YellowV,3
漠沙舟,Regular,3
大呆秦,Regular,3
小蒜苗学长,GoldV,3
有事儿问柒叔,RedV,3
数码闲聊站,GoldV,3
扬子晚报,Regular,3
中国移动,BlueV,3
MD_无糖气泡水,Regular,3
颜希女孩,RedV,3
渔火对愁眠__,Regular,3
古德猛安,RedV,3
一个坏土豆,GoldV,3
笙南,GoldV,3
konanhaihai,Regular,3
复合型画家金红炜,YellowV,3
OPPO,BlueV,3
乖乖Show,Regular,3
COMICUP囧猫娘,Regular,3
锅包祐,Regular,3
许韬de微博,GoldV,3
素食公益,Regular,3
马前炮-刘石,YellowV,3
郭嘉宁,GoldV,3
鞠婧祎,Regular,3
赢纵,RedV,3
inke映客,BlueV,3
来一桶泡菜,Regular,3
比比赞,Regular,3
艾格农业,BlueV,3
林笛LD,RedV,3
仲子锁麟,Regular,3
见闻实时新闻,BlueV,3
倾听指尖,RedV,3
思明博览,RedV,3
猫叔在硅谷,GoldV,3
决战印度洋,Regular,3
EncounteRoy遇见丨王源,Regular,3
我再改改改改改,Regular,3
琉玄,Regular,3
倔犟的秦人,YellowV,3
新浪财经客户端,BlueV,3
上校微评,Regular,3
北京烧宝,Regular,3
马凯硕Kishore,YellowV,3
赵云龙,RedV,3
佛罗里达乡下的张胖子,RedV,3
今夕Plus,YellowV,3
灭蛙,GoldV,3
仰止条侯,GoldV,3
魔根大葱,Regular,3
张颐武,RedV,3
看淡风云笑遨江湖,RedV,3
执著的老宋,GoldV,3
加沙的艾德在华留学,RedV,3
陶朱公的投资笔记,RedV,3
否极泰董宝珍,RedV,3
王赟,RedV,3
沪上黑胖花,GoldV,3
财识App,BlueV,3
杨升,GoldV,3
超级火星赛亚人,RedV,3
萌音新视界,RedV,3
张子钿,GoldV,3
游戏玩家鱼块,Regular,3
林詩棟y,Regular,3
战双帕弥什,BlueV,3
阿泰的深夜评测,GoldV,3
牛丸科技,GoldV,3
Blood旌旗,GoldV,3
listter乐,GoldV,3
菊香小姐,GoldV,3
车与子琪,YellowV,3
蛋蛋科技说,GoldV,3
超维界,GoldV,3
卢卡斯Lkas,Regular,3
爬爬墙_belike,YellowV,3
汽车之心,BlueV,3
小明同学,RedV,3
定焦数码,GoldV,3
影总Tim,GoldV,3
isekisi里的旋转小字,GoldV,3
科技虞梦诚,GoldV,3
科技毅果,Regular,3
码哥评测,GoldV,3
孟开开同学,Regular,3
super多宝,Regular,3
绝世美零子,Regular,3
简初初初子_,Regular,3
姚忠震,RedV,2
经济观察报,BlueV,2
长安大湿人,RedV,2
黄师傅股谈风云,GoldV,2
山人I,GoldV,2
环球纪录频道,GoldV,2
C科技,GoldV,2
VanTalk,GoldV,2
安逸丁丁拉,Regular,2
菜鸟耶夫斯基,GoldV,2
周月生,Regular,2
科技泽亦,RedV,2
顿卡斯特男爵,Regular,2
反行贿受贿总焗123,Regular,2
云中不良人,GoldV,2
勇往直前FA岚熙,GoldV,2
王庆_WangQing,YellowV,2
麒炜投资,GoldV,2
台海网,Regular,2
青松古藤,GoldV,2
陈如是说,Regular,2
黑喵duke,Regular,2
李大锤同学,GoldV,2
中国政府网,BlueV,2
香港的谭叔,Regular,2
卷卷说江西,YellowV,2
平原公子赵胜,GoldV,2
李晓鹏博士,RedV,2
一谈策略,RedV,2
GS幽灵,RedV,2
保叔同路人,YellowV,2
照理生活,Regular,2
老艾观察,RedV,2
张捷观察-谁是谁非任评说,GoldV,2
程老湿爱吐槽,RedV,2
InnNnnK_,Regular,2
KrisFish去看南京照相馆,GoldV,2
杨帆教授,RedV,2
叶苍茫2022,GoldV,2
新派新闻,Regular,2
天方夜谭_丝路,YellowV,2
中国日报,Regular,2
霍小兵,GoldV,2
老郭大白话,RedV,2
卑诗省府GovernmentofBC,BlueV,2
读秒财经,Regular,2
万俊wanjun,YellowV,2
打工归来啊,GoldV,2
兵道之魂,RedV,2
蹦蹦哒哒好叨叨,RedV,2
寰球镜头,GoldV,2
古里古怪2024,RedV,2
九颗树农夫,Regular,2
珠峰峥嵘,RedV,2
占豪,GoldV,2
国际金融报,Regular,2
VV靖哥哥VV,RedV,2
醍醐守正君,GoldV,2
一个视频搬运工,GoldV,2
三湘都市报,Regular,2
今日灼见,GoldV,2
假装不在美国,RedV,2
新思财经,RedV,2
闵非,RedV,2
何天恩,GoldV,2
西雅图黄都督,RedV,2
MT03,Regular,2
当年小帅V,GoldV,2
奈良的一个夜晚,Regular,2
来自天鹅之城的小团团,GoldV,2
大河财立方,Regular,2
遂昌快活林,GoldV,2
胡屹期货策略团队,Regular,2
态度岛,GoldV,2
vivi爱老虎油,Regular,2
摸出四文大钱,Regular,2
来点石锤,RedV,2
合肥晚报,Regular,2
一点资讯,BlueV,2
黄埔一投,YellowV,2
HKG報,BlueV,2
陈九霖,RedV,2
生草字幕组,GoldV,2
价值缠绕,RedV,2
用户1415440103,Regular,2
智造圈,GoldV,2
雪球蓝山520,GoldV,2
耶爷嘢业,GoldV,2
古怪也很好,Regular,2
天空菌,GoldV,2
有个梨GPT,RedV,2
星舟测评日记,Regular,2
科技Ray,Regular,2
文欧价值,RedV,2
植物眼,GoldV,2
投鱼问道,GoldV,2
倩男游神,GoldV,2
早鸟归林,Regular,2
猫的时光,RedV,2
固态T神,Regular,2
茶姐的茶1211,GoldV,2
五十五天正觉,Regular,2
穿越周期大韭菜,Regular,2
稳操胜券行稳致赢,Regular,2
有限次重复博弈,GoldV,2
还是叫渔火好了,RedV,2
Miss汉谟拉比-法律版,RedV,2
zangyn,GoldV,2
明星时尚,Regular,2
阑夕,GoldV,2
文龙笔记,GoldV,2
Z有梦有坚持Y,RedV,2
曦若溪痴未迟,Regular,2
SoFigaro中文版,BlueV,2
Neil王静昌,Regular,2
时报文娱,Regular,2
用户8007943964,Regular,2
成小直,GoldV,2
花生小生花,Regular,2
新浪电影,BlueV,2
近卫T-34,GoldV,2
小葵发电站,Regular,2
财联社e投关,BlueV,2
辽宁日报,Regular,2
默离,GoldV,2
吉林广益集团,Regular,2
外交部,BlueV,2
镇网联说,Regular,2
最高人民法院,BlueV,2
英国使馆吴若兰,YellowV,2
福建高院,BlueV,2
米浴厨,GoldV,2
AK刘彰-OFFICIAL,Regular,2
蔡依林官方后援会,Regular,2
趣多多家属区,GoldV,2
朱红院,Regular,2
深圳卫健委,BlueV,2
食物天地人,YellowV,2
深海猎人Enterprise-CVN80,GoldV,2
我和三朵金花,Regular,2
马跃成,GoldV,2
邹晨辉Finan,YellowV,2
蓝莓医生,GoldV,2
羊羊的小狗骑士,Regular,2
日新说Copernicium,YellowV,2
郑若麟ZRL,Regular,2
减肥,RedV,2
喵头先森,RedV,2
和美南开,BlueV,2
芭妮兰BANILACO,Regular,2
新浪娱乐,BlueV,2
杨桃桃tttt,RedV,2
中国新闻周刊,Regular,2
苏炳功-,Regular,2
吴铭札记,RedV,2
MLRS270,GoldV,2
李驰,GoldV,2
南归孤夷,GoldV,2
Apophis___,Regular,2
赵露思头号粉丝123,Regular,2
橙新聞,BlueV,2
朱智勇-,RedV,2
快兰斯24小时财经直播2,Regular,2
帅真财经,Regular,2
飞扬南石,Regular,2
一都阿叔,YellowV,2
邓浩志,RedV,2
膳魔师THERMOS,BlueV,2
测评君,GoldV,2
深蓝汽车,BlueV,2
耶耶耶搜了,Regular,2
仙人球杰克,Regular,2
0点躺平妖道角,Regular,2
小Lin说,RedV,2
1002什么,RedV,2
刘成春,RedV,2
大强,RedV,2
华生2025,Regular,2
经济日报,Regular,2
非主流视野,GoldV,2
雪松-刘雪松,YellowV,2
股市战将妖哥,RedV,2
嘉善老顾,YellowV,2
罗白酱,GoldV,2
宁夏张聪,RedV,2
林泰前,Regular,2
方老师说农机,RedV,2
丁海明Leo,GoldV,2
耿向顺,GoldV,2
科技刘明新,GoldV,2
简容2023,YellowV,2
中国经济周刊,Regular,2
江宁婆婆,GoldV,2
界面新闻,Regular,2
泉州那些事儿,GoldV,2
何春银微想,RedV,2
原寻--,Regular,2
中孚贞明1,RedV,2
安然淡定chris_HeavenLight,Regular,2
麻瓜电影,RedV,2
很好看的秋天,Regular,2
淘沙博士,RedV,2
薄建辉,GoldV,2
灵灵看世界,YellowV,2
南山林雪萍,RedV,2
岛主笔记,YellowV,2
安然cn,RedV,2
持续低熵LordLowEntropy,Regular,2
张会长说财经,Regular,2
混沌与概率1997,GoldV,2
秦枫,GoldV,2
西门大妈没走丢,Regular,2
PS3保罗,GoldV,2
黎傲峰_爱音乐2022,Regular,2
一剑斩天涯,Regular,2
媒体人解飞,RedV,2
科工力量,RedV,2
福布斯中文网,BlueV,2
底浪Wave,BlueV,2
北京大峰峰,GoldV,2
大宽君,RedV,2
强强随笔,GoldV,2
西子丹聊斋,GoldV,2
邱震海,GoldV,2
沈逸,GoldV,2
香港高Sir高松杰,YellowV,2
寒科技,GoldV,2
成一虫,RedV,2
日月谭天,YellowV,2
福可观点,GoldV,2
再来我可以Sun,Regular,2
大公子影视搬运工,YellowV,2
波士顿圆脸,GoldV,2
现代快报,Regular,2
科技Josh,Regular,2
镇痛芯片,YellowV,2
太平洋汽车网,BlueV,2
冰寒大玩家,GoldV,2
汽车黑科技,YellowV,2
趋势分析小哥,YellowV,2
大雄作手,RedV,2
XP-何小鹏,GoldV,2
互联网嘴哥,RedV,2
REDMI红米手机,BlueV,2
李勇岐,GoldV,2
开水族馆的生物男,GoldV,2
时尚科技馆,Regular,2
打劫团,RedV,2
赵宏民,GoldV,2
安璐不是路,RedV,2
科技小宇,GoldV,2
薛定谔的英短咕咕咕,GoldV,2
数码小哥哥,RedV,2
一哥股市论金,YellowV,2
宣哥Kirby,Regular,2
科技Sexy,GoldV,2
科技eva,Regular,2
白白数码科技,RedV,2
晓枫科技,RedV,2
AC蓦然回首,Regular,2
长安启源,Regular,2
梓宝_千千小飞,YellowV,2
娱情舆理,Regular,2
黄金借记卡,Regular,2
日向更,Regular,2
视贝科技,Regular,2
俯瞰天下-,Regular,2
肖战工作室,Regular,2
明荣语财,YellowV,1
究竟视频,Regular,1
李大霄,GoldV,1
ankless,Regular,1
郭施亮,RedV,1
洲济捣蛋,RedV,1
韭菜请上车,RedV,1
o小怂包,GoldV,1
证券市场周刊市场号,BlueV,1
模博量化,Regular,1
猴年马月的中国,RedV,1
全球文学bot,Regular,1
观复守中,Regular,1
陈振伟-巴芒复利书房,Regular,1
blcak-7,Regular,1
23国贸332,Regular,1
大泽科技SHOW,RedV,1
科技新一,GoldV,1
林哥观察,GoldV,1
张新成StevenZhang工作室,Regular,1
游历丁丁,GoldV,1
优优的狮子妈咪,GoldV,1
上海滩蚂蚁哥,GoldV,1
七彩淄博,GoldV,1
点芯小宅,RedV,1
MrWatch表先生,Regular,1
理想汽车,BlueV,1
科技-小江,Regular,1
稀缺Tiger投研,Regular,1
中国华能,BlueV,1
刘增齐13671204576,Regular,1
柴孝伟,RedV,1
强度榜,RedV,1
雾里夭桃,Regular,1
鞍钢集团,BlueV,1
GMF_Light,Regular,1
马奇朵Mt,Regular,1
箴言书苑,RedV,1
极客教授,GoldV,1
湾有引力12,Regular,1
伊说车,YellowV,1
翟海潮,GoldV,1
大象新闻,Regular,1
无情剑123,Regular,1
潘明先生,GoldV,1
格格来了0503,RedV,1
中事,GoldV,1
暗影衬斑竹,GoldV,1
加拿大北极虾生产商协会,BlueV,1
老猫养基笔记,RedV,1
董董Mercurio,Regular,1
数码科技大爆炸VVV,GoldV,1
001期货网,Regular,1
桃小仙的碎碎念,Regular,1
Hermann零售微博本人,Regular,1
老杨聊房,RedV,1
Wind万得,BlueV,1
威哥_178,RedV,1
12360服务,BlueV,1
F伯爵,RedV,1
刘壮成,YellowV,1
uflow酱,Regular,1
林中白狼,YellowV,1
网瘾少女哈尼酱,GoldV,1
身为里中横,GoldV,1
陈思进,RedV,1
跑车帝,Regular,1
今事,GoldV,1
蒉莺春Kate,RedV,1
真养猫的哈士奇,GoldV,1
纳兰容客,RedV,1
谢小斌,GoldV,1
豆粕苍棕,Regular,1
丘盛才,Regular,1
潇湘晨报,Regular,1
同花顺,BlueV,1
新叶天天长老--李日新,Regular,1
36氪,BlueV,1
豫章儿,GoldV,1
六度温差之无心快语,Regular,1
投行泰山,GoldV,1
东邪摸鱼,GoldV,1
痞子东拍车,YellowV,1
瞬息宇圈的少年,GoldV,1
我就是二狗,GoldV,1
路过十八次,RedV,1
爱酱在大阪,Regular,1
盖世英雄玉椒龙,GoldV,1
雪果噢,Regular,1
安徽反邪教,BlueV,1
股市风云,RedV,1
你必须释放温暖的火,Regular,1
生于基辅,Regular,1
谢宗桓,GoldV,1
李梓硕在印度,RedV,1
香港中评社,Regular,1
光荣特库摩游戏,BlueV,1
青扑落,Regular,1
吃瓜岱宗岱,YellowV,1
real谷智轩,Regular,1
庶炁,Regular,1
S00101,RedV,1
央视军事,Regular,1
安康符静儿,Regular,1
外贸发布BBS,Regular,1
蟹黄堡秘方ttoo,Regular,1
深圳Jacky,RedV,1
期股大乐透,Regular,1
笑看红绿,RedV,1
格隆汇图解天下,BlueV,1
金无常素封,RedV,1
ReSeptemberSan,Regular,1
八大商人,RedV,1
舰船知识,BlueV,1
滕泰价值说,RedV,1
nieuwfinder,Regular,1
工人日报,Regular,1
凤凰网汽车,BlueV,1
念父,RedV,1
人民日报海外版-海外网,Regular,1
王一平_见素抱朴,Regular,1
台北王丰,RedV,1
京报网_北京日报官方网站,Regular,1
小概率_n,Regular,1
马妍,GoldV,1
私想K线,Regular,1
比亚迪汽车,BlueV,1
浪猪灰头林登万,GoldV,1
政中评论,YellowV,1
生意思维君,YellowV,1
君君的旅行日记,GoldV,1
墙上的枪,RedV,1
梅大师飞越美中,GoldV,1
李成东,GoldV,1
超人卡罗特,Regular,1
叙利亚第四装甲师,Regular,1
真诚的知识分享的后花园,Regular,1
海豚佩佩,RedV,1
大阪梅田民宿_新龙门客栈,Regular,1
井蛙de世界,Regular,1
老吴看盘818,Regular,1
蔡试场,RedV,1
步菌统领,RedV,1
Maxihealth,Regular,1
时光精致futures,RedV,1
高飞,GoldV,1
SUV大百科,YellowV,1
张学峰的微博,YellowV,1
社长de晨翼尖,YellowV,1
叶荣添,Regular,1
寻鸭,GoldV,1
数动引擎,Regular,1
Jedi_BV,Regular,1
封面新闻,Regular,1
汽车商业评论,BlueV,1
王炳忠_台灣,GoldV,1
Dr糖油混合物,Regular,1
吃饭不用钱516,Regular,1
蓝肤巨人黄,GoldV,1
申万宏源财富研究,BlueV,1
国际在线新闻,Regular,1
李稻葵,RedV,1
填鸭式教育受害者,GoldV,1
芷菱的理想国,Regular,1
郑州大学城儿,RedV,1
繠繠笺注,GoldV,1
鋆言天下,Regular,1
Pin_0101,Regular,1
沉睡之书11,RedV,1
安柏然Andy,Regular,1
物流指闻,BlueV,1
慧眼看日本,Regular,1
掌上青岛,Regular,1
哮的巨人,Regular,1
董藩,RedV,1
时空舞者-,RedV,1
Kang,GoldV,1
财商侠客行,Regular,1
鸭家军最强女兵,YellowV,1
七折林,Regular,1
岚图汽车邵明峰,Regular,1
爱机少年,GoldV,1
拣麦穗xz,GoldV,1
体界风云,GoldV,1
弥兰王希腊,Regular,1
支点财经,Regular,1
百科技能达人,Regular,1
松山湖舰队司令,RedV,1
钢小侠,GoldV,1
李鸿政,GoldV,1
财赋后花园,YellowV,1
刹那数码,GoldV,1
日语专业bot,Regular,1
小朱观地球,GoldV,1
俊豪学长,RedV,1
小蜗牛chen,Regular,1
张一元的茉莉花,Regular,1
咬不烂的老韭菜,Regular,1
投资N视角,Regular,1
微碧半导体VBsemi,BlueV,1
大脸晒太阳,Regular,1
黄永耀,RedV,1
蛊市无贼,Regular,1
逍遥渔夫v,RedV,1
北京西路丨星宇,RedV,1
瀚仔dayang,GoldV,1
杰哥的投资笔记,GoldV,1
Game-of-Traders,Regular,1
laoduo666,RedV,1
橙熟的逗比炮,GoldV,1
市值风云App,BlueV,1
溪流竹海20150722,RedV,1
波段猎手阿福,GoldV,1
Ken健力士课堂,Regular,1
群青阁,RedV,1
天津股侠,RedV,1
深圳湾小海盗,GoldV,1
shen1296,Regular,1
薛国城北徐公,Regular,1
股市小杨哥,RedV,1
喝红茶的三叔,GoldV,1
资本大事纪,GoldV,1
活泼金毛爱幽默,Regular,1
高奔GoBig,RedV,1
信号与噪声,GoldV,1
摘日者,RedV,1
Fenng,GoldV,1
景气行业研究,YellowV,1
金基石-,YellowV,1
刘道静ssr,Regular,1
黑色御用话筒,Regular,1
RoyBoyCool1108·王源,Regular,1
草莓大棚徐律,GoldV,1
星姐微博,GoldV,1
法国驻华大使馆,BlueV,1
V粉情报局,Regular,1
深海一万米,RedV,1
要陪健次很久hh,Regular,1
冷知君,YellowV,1
歪歪碎碎念__,Regular,1
智算派,RedV,1
Grace1017_03,Regular,1
南西贡何女士,Regular,1
互联网分析师于斌,GoldV,1
甜腻腻的糖精啊,GoldV,1
国际型追剧患者,Regular,1
甜妹棠棠,Regular,1
石嘴晨曦,YellowV,1
释不归,GoldV,1
楊光的易经空间,RedV,1
六国虹,RedV,1
我是山河君,Regular,1
itsashou_,Regular,1
俄罗斯阿丽娜,RedV,1
小瀅小滢,Regular,1
茉莉奶白MollyTea,Regular,1
Right319_913,Regular,1
用户8008098010,Regular,1
星临w2005,Regular,1
莲子糯米团,Regular,1
Alain王勤伯,Regular,1
用户7771854199,Regular,1
澳洲小方糖,YellowV,1
真老师永存版,Regular,1
爱唱歌的小7,GoldV,1
赵立坚个人微博,Regular,1
Geek新动力,YellowV,1
中国海警,Regular,1
皮克斯官方微博,BlueV,1
通信老柳,GoldV,1
新时代中国外交思想库,BlueV,1
朝阳区在逃富婆,GoldV,1
繆斯高,GoldV,1
Dodoro61,Regular,1
斯腾聊车,Regular,1
春语流年,RedV,1
二十二岛主,GoldV,1
偶像行为大赏,Regular,1
逍遥珊33,Regular,1
网信湛江,BlueV,1
dfgs3678,Regular,1
科技基德,RedV,1
重庆移通学院,BlueV,1
乐哥聊球plus,RedV,1
瞄电影,Regular,1
老喵爱睡觉,YellowV,1
断剑天涯,YellowV,1
网信阜新,BlueV,1
双流发布,BlueV,1
联合国新闻中心,BlueV,1
阿柴养乐多,Regular,1
中国电信,BlueV,1
PonyAI小马智行,BlueV,1
石家庄日报,Regular,1
ICAC廉政公署,BlueV,1
新浪高尔夫,BlueV,1
柏斯音乐文化,Regular,1
影坛胜手-李夫顺,Regular,1
朝雨韵然,Regular,1
听月娱乐,GoldV,1
张靓颖,Regular,1
武汉发布,BlueV,1
張信哲JeffChang,Regular,1
ITTF国际乒联,Regular,1
芒果捞追星,Regular,1
铭科技,GoldV,1
李家超,GoldV,1
钮祜禄流流,GoldV,1
香港立法會議員黃錦輝教授,YellowV,1
中新视频,Regular,1
宁波日报,Regular,1
世界贸易组织WTO,BlueV,1
寻美普陀,Regular,1
藏匿流星,Regular,1
健健潮流服装,Regular,1
汪有,GoldV,1
海-GJH,Regular,1
我拥有完美自由,Regular,1
宛瑜Eva,Regular,1
放开秀mind让我来,YellowV,1
灯火木林李林煜,YellowV,1
麦卡PU10P,GoldV,1
健康浙江,BlueV,1
刘虞佳,RedV,1
我又有一些真知灼见,GoldV,1
茨威格加缪阿伦特,GoldV,1
一大桶黄金耶,Regular,1
李宇春,Regular,1
方成说进口车,GoldV,1
祥和周易看投资,YellowV,1
每日一吸猫,Regular,1
阿华田脆脆薯,Regular,1
职场管理学,GoldV,1
期货杨清亮,YellowV,1
时睦华,GoldV,1
姜姜姜姜呢,GoldV,1
DaMultiMillionaireNextDoooor,Regular,1
晒太阳容易犯困_,Regular,1
张敬杰的微博,Regular,1
葵视界,GoldV,1
弘叔uncleHong,Regular,1
唐剑锋,YellowV,1
中医医门似海,Regular,1
漆园隐吏在巴黎,GoldV,1
临床营养师周勤,Regular,1
光哥讲历史,Regular,1
学倪海厦,RedV,1
成都暴力抄底哥,RedV,1
下厨房,BlueV,1
元气桃浦选手,Regular,1
忆果缘M19,GoldV,1
Ericaliga,RedV,1
春春叶叶和她的床品,Regular,1
ELLE,Regular,1
营养师顾中一,GoldV,1
雨木木手工造物社,Regular,1
日上免税行上海,Regular,1
货拉拉APP,Regular,1
曹展注册营养师,Regular,1
大河报,Regular,1
张佳宁全球粉丝后援会,Regular,1
米哈游miHoYo,Regular,1
期货老司机,RedV,1
洪知秀_WinterMiracle,Regular,1
oilcn油讯,BlueV,1
TF_ING张子墨MO,Regular,1
王小峰_带三个表,GoldV,1
漫威影业,Regular,1
柯超-K,Regular,1
照完镜子正衣冠,RedV,1
鲜测,RedV,1
戏精庆帝,RedV,1
韩大锤,RedV,1
股道叶开,RedV,1
美国使馆签证处,Regular,1
葳蕤的夏,Regular,1
無風即風,RedV,1
美爾塞蒂絲,Regular,1
魔法少女Nikola,Regular,1
萤火虫如我,GoldV,1
中国日报网,Regular,1
TaylorSwiftMei,Regular,1
徐记观察,GoldV,1
临河里闲人,GoldV,1
吴显庆教授,RedV,1
童鞋的利剑,Regular,1
戏京同志,YellowV,1
鼎盛沙龙,RedV,1
V闪闪,GoldV,1
ccst控股,Regular,1
一泓溪语君,GoldV,1
新民周刊,Regular,1
屠龙的胭脂井,GoldV,1
WZ菌菌,GoldV,1
Meta麻麻,RedV,1
南方周末,Regular,1
神奇知识点,Regular,1
张胜军,YellowV,1
哨角,GoldV,1
奥卡姆剃刀,GoldV,1
美国人权大观察,Regular,1
叶建勛,RedV,1
Jakie_Leung,Regular,1
科技Daily,GoldV,1
兔头学姐张铁根,Regular,1
1818黄金眼,Regular,1
财经旅长,GoldV,1
情况不明V,Regular,1
闲晴酱,YellowV,1
综情局,BlueV,1
电影温特,Regular,1
科技王小奇,RedV,1
孙智戴,RedV,1
乐道汽车,Regular,1
广汽丰田,Regular,1
正阳说科技,GoldV,1
长安朱华荣,Regular,1
小米汽车,BlueV,1
数码头条,BlueV,1
胖哥汽车频道,RedV,1
腾势汽车,BlueV,1
随便聊聊车,YellowV,1
丁丁说车丁丁,GoldV,1
小米湖北,Regular,1
奇瑞汽车,BlueV,1
长城汽车穆峰,Regular,1
凤凰网科技,BlueV,1
讴德王,Regular,1
IM智己汽车,BlueV,1
AI理想同学,Regular,1
止戈军是我,YellowV,1
白鹤-老邓,RedV,1
雁归塞北,GoldV,1
等风来的金鱼姬,RedV,1
体圈小仙女,GoldV,1
Erlang,YellowV,1
潼南发布_,BlueV,1
数据分析研究者,Regular,1
阿兰教授,RedV,1
一目荒塘,GoldV,1
朱长元艺术IP,YellowV,1
TECH百晓,GoldV,1
滚滚红雷,GoldV,1
腾腾爸,GoldV,1
津沽墨珂,GoldV,1
孤鸿泽,RedV,1
钢的王十二,RedV,1
林步里,GoldV,1
瀛寰孤客,Regular,1
南风窗,Regular,1
财经VPlus会员助理,BlueV,1
彼岸天空之城,YellowV,1
俄通-塔斯社,BlueV,1
苏畅畅子,Regular,1
慧俭论道,Regular,1
黄腿肠,Regular,1
VOA英语频道,Regular,1
新侠客行,GoldV,1
中国网,Regular,1
织女Vega,Regular,1
凤凰刘海平,YellowV,1
猛犸君侯,GoldV,1
暖夕酱,GoldV,1
阿笨汽车观察,GoldV,1
车造-宗泽远,Regular,1
玉名,RedV,1
笔歌墨舞厅,Regular,1
科技视点之家,BlueV,1
自然的张侃,Regular,1
通史略点,Regular,1
讯息直达站,Regular,1
浔阳街头,Regular,1
果戈里自白,RedV,1
御风589,Regular,1
马少平,YellowV,1
WHYLAB,GoldV,1
十三香麻辣鸡,GoldV,1
难舍深蓝,GoldV,1
维克多流浪在月球,Regular,1
鳥海桃李,RedV,1
紫光阁,Regular,1
赵灵敏,RedV,1
狂傲狂生,GoldV,1
纵览新闻,Regular,1
静水深流-闫平,Regular,1
胖虎鲸,GoldV,1
长江云新闻,Regular,1
李芸汐A_Grant_Lee,Regular,1
TalkshowCenter,RedV,1
梦小音Shione,RedV,1
你好我是湘里别,GoldV,1
新西兰冷百科孙小社,GoldV,1
江南都市报,Regular,1
直新闻,Regular,1
菜兽兽-兽兽,YellowV,1
JohnRoss431,YellowV,1
徐文兵,Regular,1
鹈鹕镇社区中心,Regular,1
汤本,YellowV,1
首都经贸大学刘颖,RedV,1
tombkeeper,GoldV,1
煮天下,YellowV,1
建筑设计vanely,GoldV,1
我我我不是结结结巴,Regular,1
永雏塔菲重度依赖,Regular,1
联合国,BlueV,1
大地与海,Regular,1
至尊顶楼,RedV,1
科技阿南,RedV,1
李三金Alex看世界,GoldV,1
蔡照明透视,YellowV,1
识物客,RedV,1
鞋吧Sneakersbar,GoldV,1
英国足球那点事,GoldV,1
Switch游戏,RedV,1
锦鲤与安生I,RedV,1
蓝桉悠然,YellowV,1
金线胡同,YellowV,1
skyhp2023,RedV,1
千年老人2016,YellowV,1
财入门,GoldV,1
呱呱傻事,GoldV,1
鹏城杰森,Regular,1
僅琰,RedV,1
寰亚看世界,YellowV,1
默罕默德姬,Regular,1
章财有道,Regular,1
茱茱在广东,RedV,1
中国青年报,Regular,1
走在路上HE,Regular,1
半程KeMeng,GoldV,1
八九点钟的月亮wk69,RedV,1
王冠Guan,Regular,1
厦门雄少,GoldV,1
兴安大叔,GoldV,1
子非股,Regular,1
张军文,GoldV,1
涪江流远6275,RedV,1
晶刚专属,GoldV,1
67号喜羊羊,YellowV,1
惜彼西比__OTOOL,Regular,1
王洪浩的lu,RedV,1
Steed的围脖,GoldV,1
左右侧都交易,YellowV,1
掘藏师_杜瓦,Regular,1
trader2011,RedV,1
北大研哥,YellowV,1
空座町草莓养殖基地,Regular,1
超级剧本,RedV,1
国是直通车,Regular,1
黑光乍泄,GoldV,1
暴食症患者李舜生,GoldV,1
贾樟柯,Regular,1
羊又走丢了,GoldV,1
VivianGardenerII,Regular,1
只加盐,GoldV,1
守望好莱坞,BlueV,1
谢奕秋,Regular,1
吴真话影事,GoldV,1
大爆君,GoldV,1
三井茶浓,RedV,1
马王爷看盘,RedV,1
熊小默,GoldV,1
青春的记忆001,YellowV,1
白罗斯理想社,BlueV,1
伊洛牧,GoldV,1
大嘴发言人,GoldV,1
刘骁骞,YellowV,1
飞天面条神教,GoldV,1
南国早报,Regular,1
a1879a,Regular,1
津门玄竹,GoldV,1
大老客大大,GoldV,1
AlinKio,Regular,1
阿森正能量,GoldV,1
长安万里行,GoldV,1
庚欣析天下,YellowV,1
一个话家,GoldV,1
温岭肥肉包,RedV,1
Amazon美刀,RedV,1
山海视频,Regular,1
移动叔叔,RedV,1
A陈裕升,YellowV,1
龚凯杰,GoldV,1
小央视频,Regular,1
枪号21749,RedV,1
锐科_1,Regular,1
央视网快看,Regular,1
墨-不更,Regular,1
Vista看天下,BlueV,1
IT互联网那点事,GoldV,1
郭宣,YellowV,1
搜狐视频,BlueV,1
骆智慧,GoldV,1
冲浪少女杨美丽,GoldV,1
Aplttlp,Regular,1
海燕看天下,Regular,1
齐天大禹,Regular,1
饱乐促和谐反极端,RedV,1
LL202001,Regular,1
ThomasChen,RedV,1
习五一,GoldV,1
知未科技,BlueV,1
IT观察猿,Regular,1
旅法杂谈,Regular,1
新和光者,Regular,1
极目新闻,Regular,1
旧常识,Regular,1
微博媒体,BlueV,1
局势很简单,RedV,1
中国气象爱好者,Regular,1
英国报姐,Regular,1
菜刀曦曦,GoldV,1
摩羯锦鲤姐姐,RedV,1
传播学DJG,Regular,1
微美国USA,YellowV,1
Y张小勇,RedV,1
第一帮帮团,Regular,1
吴小杰WJie,Regular,1
今视频长天新闻,Regular,1
公安部交通管理局,Regular,1
奏耐天津,GoldV,1
独家记忆Sean,Regular,1
科技灭霸君,Regular,1
王鹤棣_Dylan,Regular,1
江苏政法,BlueV,1
姜汝祥-,YellowV,1
平民王小石,RedV,1
一泓溪语v,RedV,1
庄家财经,YellowV,1
邹健论道,RedV,1
财宝宝APP首席水王,Regular,1
郑峻,GoldV,1
里神楽,Regular,1
小北带你飞,GoldV,1
宋忠平,GoldV,1
人间奇妙之旅,GoldV,1
布庶,RedV,1
深圳慧盈姐,GoldV,1
中新经纬,Regular,1
江西新闻联播官博,Regular,1
社科专家王暉2069,YellowV,1
地瓜熊老六,GoldV,1
房东盖碗茶,YellowV,1
唐史主任司马迁,GoldV,1
Armstrong的航空之翼,GoldV,1
朴梅烷大爷,YellowV,1
袁周教授,YellowV,1
笔默君,GoldV,1
包头稀土产品交易所,BlueV,1
阿九6a6,RedV,1
蕨代霜蛟,Regular,1
dongfang5816,Regular,1
商务微新闻,BlueV,1
常岩CY,GoldV,1
飞走的云520,GoldV,1
广东阿杰粤,Regular,1
以史为鉴V,GoldV,1
刘扬声Charles,RedV,1
Noemieee,Regular,1
海闻看中美,RedV,1
侠骨柔情方恨晚,GoldV,1
西边日出x,Regular,1
是外宙人,Regular,1
菊池砲雷長,Regular,1
风清颂,GoldV,1
liu_iiiiiirich,Regular,1
朱海就,RedV,1
央视一套,Regular,1
陕西生态环境,BlueV,1
谨默icon,Regular,1
翼尖小翅,Regular,1
牛津-小裁缝,RedV,1
李子暘Lee,GoldV,1
不要纹路的大理石,Regular,1
闫闯说车,BlueV,1
颂听你的爱,Regular,1
沙拉轻食来一碗,Regular,1
财紫苑,Regular,1
咪咕体育,BlueV,1
金融圈头条,Regular,1
新君乙58-,Regular,1
止戈Eirenology,YellowV,1
pCMV-DYKDDDDK,Regular,1
我不在3n,Regular,1
汪海林,GoldV,1
李辉野行音乐,Regular,1
小何同學Anny,GoldV,1
左衡,YellowV,1
庆山饭桶静守己心,Regular,1
WTT世界乒联,Regular,1
巴黎暖暖1005,Regular,1
harukana夢,Regular,1
深圳林波,Regular,1
三联生活周刊,BlueV,1
交易者简放,GoldV,1
财联股痴老金,Regular,1
微博发现,BlueV,1
长城汽车,BlueV,1
行走的橙子Q,Regular,1
互联网凯文,Regular,1
RAPOO雷柏游戏,BlueV,1
魅惑蓝心,Regular,1
重庆高新融媒,BlueV,1
罗松松是真名,YellowV,1
杰哥有料,RedV,1
一篇,YellowV,1
BugOS技术组,GoldV,1
机锋网,BlueV,1
铁锤小老哥,RedV,1
易学老布,Regular,1
机圈小红帽,GoldV,1
安予说车,Regular,1
壹柒道流星,YellowV,1
科技有意思,GoldV,1
我是二姐夫,RedV,1
百保力BABOLAT,Regular,1
水世懸案,Regular,1
芯芯看世界,RedV,1
青川电竞,BlueV,1
老鸟科技说,YellowV,1
金融圈老胡,Regular,1
老哥吻我啊,Regular,1
穿红秋裤的王者,RedV,1
AudioTOP音频网,BlueV,1
科技婉儿,RedV,1
小米手机,BlueV,1
凯凯zhihu,YellowV,1
海评,GoldV,1
xAI秦始皇,RedV,1
科技开,GoldV,1
鲲鹏AI量化王新平,YellowV,1
科技日报,Regular,1
量子位,BlueV,1
睡不够的XP君,GoldV,1
大联大,BlueV,1
财经挖掘笔记,YellowV,1
科技C先生,RedV,1
阿笋同学,Regular,1
黎启lee,RedV,1
海风若雨萧萧,RedV,1
硅谷陈源博士,RedV,1
科技数码新趋势,YellowV,1
快兰斯24小时财经直播,GoldV,1
阿星Astro_,Regular,1
忻芯相印影,Regular,1
大林子爱加电,RedV,1
股市狼头哥,YellowV,1
车圈闰土,RedV,1
匿姬,Regular,1
梁赛,GoldV,1
张荆_婚姻继承律师,YellowV,1
李安迪andylee,RedV,1
达克鸭唐,GoldV,1
科技界的007,Regular,1
小城测评,GoldV,1
小鹏汽车,BlueV,1
电动知士大雨,RedV,1
小飞哥_ECC,RedV,1
新浪明星,BlueV,1
帽子哥聊财经,GoldV,1
戴话科技,Regular,1
大雁南飞198756,Regular,1
4stomachs,GoldV,1
一碗荤豆花,RedV,1
QuantHedgeFund,YellowV,1
电车小南,Regular,1
流沙quick,Regular,1
SONGX官方,Regular,1
梁小欣同学,GoldV,1
记忆卡挖,Regular,1
老孙聊科技,GoldV,1
家有小豆包初长成,Regular,1
小黑新视界,GoldV,1
比奇堡拉屎鱼,Regular,1
津门李哥,GoldV,1
国防时报,Regular,1
努力进取sh,Regular,1
互联网俊明说,GoldV,1
心平大道,Regular,1
懂车的蓝姐,Regular,1
沫薇Alysa,RedV,1
李天舒Ted,YellowV,1
浍火,RedV,1
艾同学阿,GoldV,1
钊哥科普,YellowV,1
李海明-产品思维,Regular,1
电网头条,Regular,1
特来哥_謝老板,YellowV,1
阿果Talk,RedV,1
胜利女神新的希望,BlueV,1
电车财金蒋开石,RedV,1
邦克仕Benks,BlueV,1
科技章章,RedV,1
乱走神的红理想,Regular,1
梁斌penny,GoldV,1
周科HNU,YellowV,1
娱念昕,GoldV,1
音容宛在的肥佬,Regular,1
刘见山,Regular,1
小奇侃科技,GoldV,1
衝鋒号角,GoldV,1
评测少年,Regular,1
电器男孩高火火,Regular,1
ZEALER,BlueV,1
星光-MOGA,Regular,1
中石油打灰机微博,YellowV,1
飞机先生_,RedV,1
褚泰安,Regular,1
极速拍档Speedsters,Regular,1
北京卫视,Regular,1
zbsky18,Regular,1
曾子言,GoldV,1
风中的厂长,GoldV,1
YouTube精选,Regular,1
挖掘机小海盗,Regular,1
爱理财的小蓝,GoldV,1
投星资产,GoldV,1
新知悦生活,YellowV,1
蓝鲸铲史官,GoldV,1
合新闻,Regular,1
飞傲官方微博,BlueV,1
亿咖通科技,BlueV,1
懂车老王,RedV,1
新闻晨报,Regular,1
老七,Regular,1
网易智能,BlueV,1
AI机器人时代,YellowV,1
萌虎鲸,GoldV,1
中安在线,Regular,1
Mask的小酒馆,YellowV,1
甲历史,YellowV,1
布萨尼Busani,Regular,1
心船的视野,YellowV,1
热点视频,BlueV,1
魔士ACE,RedV,1
悦涛很二,RedV,1
大邱贾宝圭,Regular,1
梁湘,GoldV,1
京钱多多2198,YellowV,1
猫头鹰矫健,RedV,1
冰川思想库,YellowV,1
央广网,Regular,1
Research_医药人-Daniel,RedV,1
跨境物流-兜兜,Regular,1
郭育龙YULONG,Regular,1
澳牧官方微博,Regular,1
思想聚焦,GoldV,1
凤凰李淼,GoldV,1
长安车厘子的打工日记,Regular,1
一溪清泉z,Regular,1
日本共同社,BlueV,1
Vito的行研札记,RedV,1
亟兮般若,GoldV,1
电子咸鱼短路了,Regular,1
韩秀云讲经济,RedV,1
撩车糖小糖,RedV,1
曾经是只小可爱,GoldV,1
康师傅老母鸡汤面,Regular,1
KMM_NewJ,Regular,1
黄金原油外汇大咖-肖总,YellowV,1
外汇金油指路人-老杨,YellowV,1
好运都给你吧,Regular,1
各種啡,Regular,1
最后的轻语--,Regular,1
进击的黄金忙内,Regular,1
大众点评,Regular,1
6688掌门,RedV,1
拾柒论金,YellowV,1
猪咪裹酱,Regular,1
少年伯爵,GoldV,1
张逸轩同学,GoldV,1
RealD_3D,Regular,1
柏林君在减肥,Regular,1
取景框看世界,Regular,1
人民日报健康客户端,Regular,1
