,0
美国,1666
加拿大,850
日本,464
澳大利亚,363
安哥拉,305
新加坡,263
马来西亚,228
比利时,184
英国,176
泰国,155
法国,116
德国,91
韩国,68
乌克兰,58
荷兰,53
越南,31
新西兰,28
阿联酋,28
摩洛哥,26
西班牙,23
俄罗斯,20
意大利,17
瑞士,16
白俄罗斯,15
南非,11
印度尼西亚,11
埃塞俄比亚,11
柬埔寨,11
菲律宾,8
土耳其,7
墨西哥,7
缅甸,6
挪威,6
瑞典,5
马耳他,5
埃及,5
莫桑比克,5
尼日利亚,5
沙特阿拉伯,4
希腊,4
厄瓜多尔,4
波兰,4
阿根廷,3
马尔代夫,3
波斯尼亚和黑塞哥维那,3
以色列,3
科威特,3
马拉维,3
罗马尼亚,3
秘鲁,3
纳米比亚,2
奥地利,2
巴西,2
冰岛,2
哈萨克斯坦,2
葡萄牙,2
刚果民主共和国,2
肯尼亚,2
丹麦,2
坦桑尼亚,1
利比亚,1
保加利亚,1
科特迪瓦,1
阿富汗,1
波多黎各,1
阿曼,1
巴林,1
巴基斯坦,1
卢旺达,1
乌兹别克斯坦,1
匈牙利,1
阿尔巴尼亚,1
阿塞拜疆,1
蒙古,1
老挝,1
印度,1
津巴布韦,1
古巴,1
尼泊尔,1
