province,n_posts,mean_sent,share_Strategic,share_Trade,share_Livelihood,share_Technology
上海,9972,0.43572014640994783,0.27366626554352186,0.37515042117930203,0.23265142398716407,0.11853188929001203
云南,1097,0.44851768459434826,0.33728350045578853,0.3810391978122151,0.20054694621695535,0.08113035551504102
内蒙古,720,0.43774611111111106,0.36527777777777776,0.4166666666666667,0.15416666666666667,0.06388888888888888
北京,15485,0.4294697513722958,0.28595414917662254,0.39580238940910556,0.24055537617048756,0.0776880852437843
台湾,458,0.40470764192139735,0.4192139737991266,0.35807860262008734,0.18777292576419213,0.034934497816593885
吉林,1194,0.4674194304857621,0.32160804020100503,0.4304857621440536,0.19179229480737017,0.05611390284757119
四川,5775,0.4074514805194805,0.30857142857142855,0.37073593073593075,0.24796536796536797,0.07272727272727272
天津,2224,0.42564995503597125,0.30305755395683454,0.3345323741007194,0.26393884892086333,0.09847122302158273
宁夏,555,0.35727027027027025,0.41621621621621624,0.3963963963963964,0.13333333333333333,0.05405405405405406
安徽,3688,0.41932307483731013,0.2933839479392625,0.35032537960954446,0.2874186550976139,0.06887201735357917
山东,6629,0.4314709910997134,0.33851259616835117,0.375471413486197,0.21511540202142101,0.07090058832403077
山西,1685,0.48301566765578646,0.34540059347181007,0.3744807121661721,0.19881305637982197,0.08130563798219585
广东,53716,0.4983074763571375,0.2836771166877653,0.23691265172388115,0.3885806835952044,0.09082954799314916
广西,2096,0.4461464217557252,0.28530534351145037,0.4413167938931298,0.20610687022900764,0.06727099236641221
新疆,777,0.5480416988416988,0.30244530244530243,0.30244530244530243,0.3474903474903475,0.047619047619047616
江苏,8838,0.43816590857660104,0.29463679565512557,0.3443086671192577,0.20004525910839557,0.1610092781172211
江西,2408,0.41294559800664454,0.3446843853820598,0.38870431893687707,0.22051495016611294,0.04609634551495016
河北,4275,0.4371116023391813,0.3368421052631579,0.38011695906432746,0.19625730994152046,0.08678362573099416
河南,4697,0.4369976367894401,0.35384287843304235,0.36576538215882476,0.21460506706408347,0.06578667234404939
浙江,8513,0.42401883002466817,0.3202161400211441,0.3763655585575003,0.22964877246564078,0.07376952895571479
海南,889,0.43374274465691787,0.2857142857142857,0.5050618672665916,0.18672665916760406,0.02249718785151856
湖北,5970,0.43701412060301514,0.3098827470686767,0.3792294807370184,0.24706867671691793,0.06381909547738693
湖南,4933,0.4542460774376647,0.28583012365700383,0.3172511656192986,0.28927630245286845,0.1076424082708291
澳门,49,0.5123469387755102,0.3877551020408163,0.32653061224489793,0.24489795918367346,0.04081632653061224
甘肃,761,0.4446299605781866,0.3771353482260184,0.35742444152431013,0.19710906701708278,0.0683311432325887
福建,5024,0.41273105095541407,0.3614649681528662,0.3539012738853503,0.22790605095541402,0.05672770700636943
西藏,88,0.3780806818181818,0.4090909090909091,0.4090909090909091,0.17045454545454544,0.011363636363636364
贵州,1278,0.3442491392801252,0.4593114241001565,0.33724569640062596,0.15336463223787167,0.050078247261345854
辽宁,2979,0.38284303457536084,0.3188989593823431,0.44377307821416584,0.18328298086606243,0.05404498153742867
重庆,2343,0.42621079812206575,0.3721724285104567,0.32437046521553564,0.245411865130175,0.05804524114383269
陕西,2924,0.42938146374829006,0.33618331053351574,0.3874829001367989,0.20075239398084815,0.0755813953488372
青海,146,0.28599178082191784,0.5958904109589042,0.2534246575342466,0.136986301369863,0.0136986301369863
香港,1233,0.43551200324412004,0.2749391727493917,0.44363341443633414,0.22546634225466342,0.05596107055961071
黑龙江,1149,0.42324412532637073,0.38903394255874674,0.4073107049608355,0.15752828546562228,0.04612706701479547
