phase,province,coef_Strategic,coef_Trade,coef_Livelihood,coef_Technology,local_R2
Phase 1,陕西,0.8417068406016271,0.26612577992752123,0.33802752963915583,,0.45969066974874695
Phase 1,上海,-1.9330809189611966,-2.382106044522998,-2.158082540258942,,0.33926882727499835
Phase 1,重庆,0.34575558248010063,-0.13015342094010005,-0.053101623013067034,,0.37519220146733173
Phase 1,浙江,0.5507334804699104,0.14279383057298542,0.3557824603044865,,0.28100181889561704
Phase 1,江西,0.6406294913411845,0.23668967006745953,0.4025785951872335,,0.2616077409738377
Phase 1,云南,0.7914895102500517,0.19770260436597747,0.29633014201829144,,0.49543371997386465
Phase 1,山东,1.1111627504685375,0.5551587236114766,0.798783688357343,,0.4545456979079662
Phase 1,辽宁,0.5999571361218329,-0.035835940054344366,0.1896317453506325,,0.5257466195392766
Phase 1,西藏,0.8509153568663617,0.17487911439042705,0.28033402497261795,,0.5057254877805997
Phase 1,甘肃,1.920500351957676,1.2143586331360388,1.2705339436783305,,0.5538634395313917
Phase 1,青海,0.7335703716013324,0.036678013495105154,0.11193490402992623,,0.5328727498926948
Phase 1,北京,0.5402772684837781,-0.11152458987302327,0.054286285217126105,,0.5203649743370008
Phase 1,内蒙古,0.885408195570945,0.11380781118974961,0.24711627064280087,,0.5968490035518681
Phase 1,湖北,0.6008805789886443,0.13653688453608723,0.2555273146173261,,0.3468212837682596
Phase 1,安徽,0.49927968502469117,0.06340346005604651,0.2835714357529804,,0.3218225245557786
Phase 1,贵州,0.7137865187282967,0.21287762951517075,0.30527311298739734,,0.4017104884449125
Phase 1,宁夏,0.7251962256887623,0.037587292805734834,0.0842788796622295,,0.5455505578262521
Phase 1,江苏,0.4393763496209491,-0.034674360149654186,0.1947284504120676,,0.37119828099331525
Phase 1,新疆,1.1203945153765311,0.44328179184621747,0.5507248785024956,,0.451992349608117
Phase 1,山西,0.9246391680052602,0.29703565900447715,0.4244743034505087,,0.4895198619819291
Phase 1,湖南,0.5284585128588974,0.12179193850202535,0.24003174496215524,,0.2803875629256255
Phase 1,四川,0.5460720307824583,-0.07295302480971848,-0.003375232368717153,,0.5039933274247939
Phase 1,广西,0.6089917654843524,0.17665966185035967,0.2808383957265512,,0.32043220439703457
Phase 1,吉林,0.6814001618682447,0.029204081899580597,0.2544929487295431,,0.5432581710778002
Phase 1,河北,0.8122949874139338,0.16997370602629625,0.33919677308927504,,0.5115208316155322
Phase 1,天津,0.7670560065611683,0.13716298547045128,0.3285546549769299,,0.5052873179300434
Phase 1,广东,0.448361418608348,0.08089118440742236,0.21495171337291696,,0.22037201090644537
Phase 1,福建,0.7490335059813673,0.3716089769758434,0.5614684283750455,,0.22232821756253487
Phase 1,黑龙江,0.7996265898473093,0.10911368136701438,0.3077643765420304,,0.5692405165449973
Phase 1,河南,0.3754779228398526,-0.12752593779427868,0.04952590202227234,,0.376930019577512
Phase 1,海南,0.8902459804512759,0.48060542442035514,0.5979952375148183,,0.2860912077083673
Phase 2,陕西,0.3476405631388164,0.3461236067324044,0.37823629073761755,2.3016233923413805,0.3287929341816976
Phase 2,上海,1.1654862864838136,1.0991064405187978,1.224805361967762,3.0340585678008565,0.3298515462248355
Phase 2,重庆,-0.08879733026897993,-0.23757112562870342,-0.09340215980737826,1.8150353412692464,0.3210649404250412
Phase 2,浙江,-0.4941879789450808,-0.58884780938498,-0.43756920016027245,1.4259415135742595,0.3191123657664123
Phase 2,江西,0.25238203516928714,0.09543252274803044,0.28180977950271957,1.9372817086622973,0.3209170667466227
Phase 2,云南,1.0371809811014285,0.780528547853752,0.9486550433594779,3.463743590737842,0.3361754850011342
Phase 2,山东,0.33424361465606484,0.35723162859194496,0.3695392933326702,2.2137342954762382,0.3340379591296568
Phase 2,辽宁,0.17470353213827283,0.09031446664498076,0.17016057496771547,1.6116678706892817,0.36367142736886615
Phase 2,西藏,1.5476993980064497,1.62709922851859,1.4290199985882563,6.476967161899642,0.4274160209870592
Phase 2,甘肃,-0.2729499665315015,-0.2341019682272248,-0.31491149137361174,2.164255657566394,0.38343047146592946
Phase 2,青海,-0.01582403269616681,0.050272024207590436,-0.12554169830602696,3.702493057200222,0.4074189426972852
Phase 2,北京,0.199530776573406,0.17390094785429536,0.2152965899558292,1.839035493086622,0.3613060454525539
Phase 2,内蒙古,-0.09441068888983706,-0.12776510480748876,-0.11385957437725275,1.4462779881978793,0.37302205796202753
Phase 2,湖北,0.18948383539943217,0.0924828771058635,0.22412535263062247,1.9633335285932898,0.32538265696437785
Phase 2,安徽,0.17454313964551527,0.18302178087849702,0.25240205952077194,2.3737136137594046,0.3075873443143767
Phase 2,贵州,0.8893863765402908,0.6775146769271561,0.8633698301422016,2.6936986968646974,0.33024530528905627
Phase 2,宁夏,0.32360133152003856,0.3356588315007976,0.32048807190635287,2.237605832930395,0.32999611546725865
Phase 2,江苏,0.2671502087689919,0.2564816943155974,0.33248859699201416,2.266580954542599,0.3253355747486571
Phase 2,新疆,0.27709750351280044,0.5175260677420626,0.23982083414093297,4.550584322082251,0.4565214744446067
Phase 2,山西,0.4709313517083127,0.5169549418338197,0.5104696580772036,2.3740710150155393,0.3439913984176247
Phase 2,湖南,0.6082057801184781,0.4240505920122424,0.616064065346583,2.3053551057120134,0.3180403993676831
Phase 2,四川,0.23519589203187383,0.07280593210813918,0.15835731290086164,2.8047569848373732,0.3195167440742229
Phase 2,广西,0.17184566534241896,-0.09419791714413572,0.1401696497419226,1.8222893075024078,0.32386248766132514
Phase 2,吉林,0.09045783322158416,-0.02490473296031711,0.07455081497539015,1.4098869788177661,0.3644381280539492
Phase 2,河北,0.44271001659449966,0.42937149805136854,0.4631209628047114,2.1267934742570827,0.3588133233977895
Phase 2,天津,0.45119521245491007,0.4321522065991335,0.4701903365261849,2.118687468777826,0.3581033393845161
Phase 2,广东,0.11784748196725903,-0.14397576261079525,0.10551242567872827,1.6401334897468816,0.31704459706634575
Phase 2,福建,0.38603669042646105,0.2053209411334112,0.413135441327098,2.077524029843488,0.3183247957034903
Phase 2,黑龙江,0.24281665401671543,0.11607261896632382,0.21909525523036938,1.5104899761069368,0.36308367960399957
Phase 2,河南,1.3397400489623608,1.3916853377194258,1.4118924770662176,3.46388468517848,0.3185986482563456
Phase 2,海南,-1.044163334435889,-1.3651718324703999,-1.0896435163452922,0.45872913809278937,0.3238939669009552
Phase 3,陕西,0.436855902270732,0.49618611509400945,0.47008731416343114,,0.3157956931853156
Phase 3,上海,0.6555811784945619,0.5035464171054173,0.45970578232721726,,0.2406057740822568
Phase 3,重庆,-0.06037052069920623,0.12790022628909448,-0.017380660179478813,,0.28940967401062245
Phase 3,浙江,0.7130444410071366,0.5628687594829087,0.5449329680498565,,0.21188312206791052
Phase 3,江西,0.21106115813313825,0.0758899688245791,0.11006205861223818,,0.1758876627968318
Phase 3,云南,0.5533011250160357,1.0653945978939026,0.7255971135400117,,0.41666731550967834
Phase 3,山东,0.3253498830879831,0.2221499597793133,0.13492999943464878,,0.30408486671910134
Phase 3,辽宁,0.8444377201795473,0.7173331890887011,0.5446411147810127,,0.39316798699002437
Phase 3,西藏,0.2388096706605466,1.0434612720247642,0.8142685092203258,,0.7386997267936414
Phase 3,甘肃,0.16995655891644382,0.8850081053436252,0.5746853662586199,,0.6789875099440407
Phase 3,青海,0.2980537194255331,1.0469452495715894,0.8224634863262985,,0.7268670503098984
Phase 3,北京,6.446456243060453,6.407789951524252,6.23263073697911,,0.3823322347048846
Phase 3,内蒙古,0.06351959849514788,0.23470048078545247,-0.10650187246104814,,0.5141725409836593
Phase 3,湖北,0.03634536045908432,-0.08054569528311908,-0.009608831421804798,,0.20380600058744178
Phase 3,安徽,0.4621709582655307,0.33014355305318305,0.3206400040058652,,0.2288499668901182
Phase 3,贵州,0.3127342413527138,0.5666239184989561,0.3573670546186559,,0.2808922543176192
Phase 3,宁夏,1.0899407485481993,1.483792171851147,1.1927626519769419,,0.4506848007794141
Phase 3,江苏,0.5732444220294715,0.43592443353466104,0.3904872088494966,,0.2547652388289577
Phase 3,新疆,-0.08092536634631733,0.9597228905233816,0.653403262602531,,0.8473316501926866
Phase 3,山西,2.5206019240055695,2.530805645152266,2.4340519097907016,,0.33266588060807134
Phase 3,湖南,0.7545840906029605,0.7525266683691185,0.7250358875093464,,0.2082619384921814
Phase 3,四川,-0.025417918289596303,0.45613680748968166,0.15980534747462288,,0.4475202535237882
Phase 3,广西,0.43512439562414856,0.6530491492826056,0.4496285068822064,,0.25323078904728497
Phase 3,吉林,0.32768155487097456,0.16547233708494133,-0.030590653471756667,,0.4315671540611441
Phase 3,河北,0.877310173008787,0.8414575525636769,0.6810605460009717,,0.36894971962579093
Phase 3,天津,0.0639228191761052,0.005157047349007349,-0.1470963207795484,,0.3618519306925218
Phase 3,广东,0.3831747908847195,0.3766912572283494,0.3262356238775638,,0.182437358939664
Phase 3,福建,2.8839413489365646,2.7420686447405336,2.7547619058250636,,0.17359717541046646
Phase 3,黑龙江,0.38720944733998747,0.24255969421046142,-0.026600129643416806,,0.501652715485063
Phase 3,河南,0.3436168040745275,0.25021839906307997,0.26011048427390226,,0.248123936504853
Phase 3,海南,0.278230986372494,0.5039580012066929,0.2771558799701268,,0.23794052204396815
