province,name,coef_Intercept,coef_Strategic,coef_Trade,coef_Livelihood,coef_Technology,local_R2
陕西,Shaanxi Province,0.08304876336257615,0.053510954427195265,0.4414102576293002,0.5250961707355669,0.6342179891019614,0.6368307626140758
上海,Shanghai Municipality,-0.08801322940803441,0.3345197746695775,0.523362961112236,0.7187590052753041,0.6742009841410627,0.4506817281660855
重庆,Chongqing Municipality,0.06593600382883105,0.05588826592316526,0.4431006043137763,0.6004605439302718,0.6140448164683037,0.7204291283330532
浙江,Zhejiang Province,-0.7322821126948433,0.9460005578402602,1.1779435563164584,1.3921421503079103,1.3141658583307958,0.5328334350076466
江西,Jiangxi Province,0.1562318368676484,0.0050251330828197105,0.32039808215400617,0.5257631945267438,0.4399620807112248,0.6356186030018675
云南,Yunnan Province,0.06303561766401217,0.036321263909067314,0.4504126849313901,0.6247314683668428,0.6517343609657685,0.8072699756882404
山东,Shandong Province,0.07858882843565725,0.2312620052128285,0.33945784844227417,0.47912653015049,0.5471349205214151,0.2668048425429127
辽宁,Liaoning Province,0.19450860076755247,0.08523530031495422,0.27647161554058,0.3294127980670538,0.4146684661738358,0.2483017207351984
西藏,Tibet Autonomous Region,-0.05714844819549619,0.12170039147019768,0.5171794143344637,1.0195603456780231,0.49520495948524473,0.8901491450676149
甘肃,Gansu province,0.0989842479010885,-0.009838082202343508,0.4185035148057123,0.6535226607251905,0.5350449450203258,0.7896807122046119
青海,Qinghai Province,-0.14889782394182327,0.21969225559072303,0.6226614942327034,1.0537021479701583,0.6772555254824505,0.8574112100156109
北京,Beijing Municipality,0.08267359633171065,0.1266477370404474,0.43094077570521155,0.4593568953719832,0.5628781933627078,0.3865291841205076
内蒙古,Inner Mongolia Autonomous Region,-1.9497108659322673,2.129910341912104,2.5121023508016544,2.431145607013784,2.662566012242155,0.40592874888318814
湖北,Hubei Province,0.08183035411144243,0.06781010392075842,0.4112115864761622,0.5791978856290964,0.5576055697019394,0.6418926993121727
安徽,Anhui Province,0.03288158930156976,0.20415714454499745,0.3997697150397673,0.6050816318731344,0.5780604408759301,0.4795511362146177
贵州,Guizhou Province,0.14119215887585385,-0.02630331030513866,0.36651467967430795,0.5414443083625653,0.5260490702435519,0.7542902552071652
宁夏,Ningxia Hui Autonomous Region,0.5437003454662491,-0.42390846438840973,0.012752934486343098,0.008552888381172075,0.27627559840374816,0.6666604157350096
江苏,Jiangsu Province,0.5344696815137839,-0.26846285378294127,-0.10881809215721072,0.07793653749856155,0.07033854502727627,0.402991755078786
新疆,Xinjiang Uygur Autonomous Region,-0.5580906533309704,0.6181451308472893,1.001045288979986,1.5757752430448997,1.0218226425761687,0.8983240710957567
山西,Shanxi Province,-0.09066823940485699,0.26725255190227765,0.6079870266854024,0.6595847578635092,0.777237997193446,0.48727376347445217
湖南,Hunan Province,0.05380603443439942,0.08287419608453961,0.43855603290956857,0.6320783439039147,0.5682627778538353,0.6927082150782565
四川,Sichuan Province,0.05987716132982951,0.04414337507148425,0.4614654982332266,0.5822055811295213,0.74441060846224,0.7786417087986659
广西,Guangxi Zhuang Autonomous Region,0.1092738719778682,0.007636572945298736,0.3921259961455591,0.5894003989063782,0.5229643314787915,0.7528980335229187
吉林,Jilin Province,-0.24053272206239648,0.5199924214005271,0.7196514799865023,0.7543012343111287,0.8436959623003039,0.23420863850733792
河北,Hebei Province,0.4917362691238006,-0.27898998013810433,0.015727423321852688,0.054676251092286805,0.15506243510668888,0.3844250188271147
天津,Tianjin Municipality,0.08724521949410051,0.14874342961244805,0.4031203371988452,0.45729992901310396,0.5484223438136753,0.34039940207126607
广东,Guangdong Province,0.8287184043451634,-0.6954439898922666,-0.33985532274192376,-0.12493963695679744,-0.23447522509912286,0.7132599767608004
福建,Fujian Province,-0.0206192437661451,0.19057375255673992,0.4883317345849525,0.7092105522523842,0.5974051458736107,0.6289503836769395
黑龙江,Heilongjiang Province,-0.024662353376815493,0.2695464065450899,0.5389494661554163,0.526372173555275,0.6389928174106705,0.2746641418655687
河南,Henan Province,0.30749781496678275,-0.10728106304012933,0.1612831935863009,0.31517987978635986,0.3424536922520583,0.5032642638737375
海南,Hainan Province,-0.049997827088049895,0.16480399125954392,0.5489527398781007,0.7611876714722852,0.660919737099226,0.7646678243714656
