date,total,Positive,Neutral,Negative,mean_sent
2025-01-01,1837,1197,168,472,0.6777409363091997
2025-01-02,1333,467,127,739,0.41399917479369835
2025-01-03,796,359,77,360,0.48960778894472357
2025-01-04,661,345,54,262,0.5556223903177004
2025-01-05,834,431,72,331,0.5505390887290168
2025-01-06,720,323,66,331,0.48582236111111105
2025-01-07,705,368,69,268,0.5624365957446809
2025-01-08,2131,736,181,1214,0.3986531675269826
2025-01-09,748,316,76,356,0.4826494652406417
2025-01-10,996,380,109,507,0.44628995983935743
2025-01-11,900,387,90,423,0.48832111111111115
2025-01-12,829,378,65,386,0.49314861278648975
2025-01-13,1350,528,140,682,0.45220414814814824
2025-01-14,2297,717,681,899,0.4825464083587288
2025-01-15,2274,765,307,1202,0.41569318381706244
2025-01-16,2452,844,319,1289,0.42262332789559537
2025-01-17,1253,541,133,579,0.4885455706304868
2025-01-18,975,431,141,403,0.5169288205128205
2025-01-19,1099,452,135,512,0.4743260236578708
2025-01-20,1330,514,174,642,0.46637894736842106
2025-01-21,2628,757,303,1568,0.37357195585996955
2025-01-22,2800,740,269,1791,0.3427304642857143
2025-01-23,2050,682,219,1149,0.40300600000000003
2025-01-24,2645,795,304,1546,0.3718265784499055
2025-01-25,1230,409,128,693,0.4035746341463415
2025-01-26,1429,658,162,609,0.5128139258222534
2025-01-27,1765,611,161,993,0.40508328611898015
2025-01-28,983,429,88,466,0.4820782299084435
2025-01-29,889,362,104,423,0.4725974128233971
2025-01-30,991,394,128,469,0.4595202825428859
2025-01-31,1156,384,115,657,0.39948131487889277
2025-02-01,1574,349,144,1081,0.3154445997458704
2025-02-02,3592,630,287,2675,0.2570095768374165
2025-02-03,858,318,84,456,0.43623473193473195
2025-02-04,874,389,77,408,0.4892188787185354
2025-02-05,911,400,98,413,0.49596816684961575
2025-02-06,910,457,119,334,0.558230989010989
2025-02-07,821,395,110,316,0.5479174177831913
2025-02-08,735,371,93,271,0.560345850340136
2025-02-09,2525,1187,317,1021,0.5286452277227722
2025-02-10,3971,1467,529,1975,0.45436184840090654
2025-02-11,2295,803,308,1184,0.4382946840958606
2025-02-12,1813,696,204,913,0.4550656922228351
2025-02-13,1636,541,176,919,0.41085024449877755
2025-02-14,2359,779,276,1304,0.414574395930479
2025-02-15,1405,513,171,721,0.44182370106761565
2025-02-16,1110,464,124,522,0.4812903603603604
2025-02-17,1518,708,192,618,0.5307735836627142
2025-02-18,1158,512,122,524,0.4920613989637306
2025-02-19,1677,603,218,856,0.45418867024448417
2025-02-20,1760,652,177,931,0.44072909090909096
2025-02-21,1147,416,151,580,0.4411070619006103
2025-02-22,699,240,80,379,0.41375922746781113
2025-02-23,693,252,59,382,0.41290606060606055
2025-02-24,1100,426,123,551,0.4471369090909091
2025-02-25,747,314,75,358,0.463253547523427
2025-02-26,680,290,67,323,0.47458882352941173
2025-02-27,634,201,44,389,0.36396009463722395
2025-02-28,423,121,23,279,0.33667659574468084
2025-03-01,330,127,25,178,0.42364696969696963
2025-03-02,406,133,31,242,0.3732802955665025
2025-03-03,532,253,47,232,0.5198020676691729
2025-03-04,785,318,63,404,0.45211821656050954
2025-03-05,631,283,61,287,0.5067946117274168
2025-03-06,585,326,38,221,0.5844319658119658
2025-03-07,2545,1635,168,742,0.6602838113948919
2025-03-08,1259,756,98,405,0.6264860206513105
2025-03-09,515,344,30,141,0.6491351456310681
2025-03-10,957,550,64,343,0.5917424242424243
2025-03-11,706,237,58,411,0.38896458923512744
2025-03-12,773,407,44,322,0.5450809831824062
2025-03-13,680,295,52,333,0.4746101470588236
2025-03-14,602,255,48,299,0.47766511627906977
2025-03-15,326,147,34,145,0.49905276073619637
2025-03-16,330,160,25,145,0.5128224242424243
2025-03-17,523,241,46,236,0.4992720841300191
2025-03-18,553,248,62,243,0.5016587703435805
2025-03-19,491,189,37,265,0.42922219959266805
2025-03-20,480,186,41,253,0.44637020833333335
2025-03-21,509,199,34,276,0.4339153241650295
2025-03-22,266,108,26,132,0.4759135338345864
2025-03-23,298,145,22,131,0.5095352348993288
2025-03-24,375,150,43,182,0.4591946666666667
2025-03-25,452,153,37,262,0.4103314159292035
2025-03-26,1091,460,85,546,0.4638922089825848
2025-03-27,670,272,59,339,0.45537343283582093
2025-03-28,392,153,34,205,0.4288744897959184
2025-03-29,458,208,33,217,0.4766716157205241
2025-03-30,391,187,35,169,0.5161588235294118
2025-03-31,540,239,47,254,0.48322962962962956
2025-04-01,630,322,48,260,0.5521209523809524
2025-04-02,702,269,73,360,0.43952649572649577
2025-04-03,1636,435,136,1065,0.33793991442542787
2025-04-04,830,241,63,526,0.33573518072289155
2025-04-05,582,151,48,383,0.3185817869415808
2025-04-06,660,194,62,404,0.36095848484848486
2025-04-07,2364,545,174,1645,0.28964521996615905
2025-04-08,1973,755,183,1035,0.43380805879371515
2025-04-09,2104,770,197,1137,0.4217067490494297
2025-04-10,1587,476,149,962,0.36644026465028356
2025-04-11,904,295,73,536,0.376249889380531
2025-04-12,633,219,60,354,0.39779368088467615
2025-04-13,961,359,80,522,0.42522632674297606
2025-04-14,1218,455,105,658,0.4365336617405583
2025-04-15,1685,760,144,781,0.49363804154302665
2025-04-16,1311,624,104,583,0.5105504958047292
2025-04-17,1044,374,85,585,0.40543706896551723
2025-04-18,742,284,57,401,0.4291164420485175
2025-04-19,660,312,52,296,0.5078637878787879
2025-04-20,616,286,38,292,0.4938831168831168
2025-04-21,1291,607,149,535,0.5165140975987607
2025-04-22,969,418,104,447,0.48437131062951494
2025-04-23,586,261,44,281,0.48349829351535833
2025-04-24,602,272,46,284,0.4923099667774087
2025-04-25,587,319,39,229,0.553466269165247
2025-04-26,428,187,48,193,0.4884696261682243
2025-04-27,478,242,34,202,0.5249868200836819
2025-04-28,572,220,49,303,0.4321368881118881
2025-04-29,658,330,57,271,0.5228639817629179
2025-04-30,575,256,54,265,0.4864326956521739
2025-05-01,3262,615,313,2334,0.27092657878602083
2025-05-02,3514,684,391,2439,0.2797580535002846
2025-05-03,3804,930,412,2462,0.31927150368033647
2025-05-04,2970,643,294,2033,0.29181040404040404
2025-05-05,4346,667,389,3290,0.23540273815002297
2025-05-06,3755,713,393,2649,0.27672231691078564
2025-05-07,567,280,50,237,0.533983950617284
2025-05-08,1056,461,120,475,0.4941172348484849
2025-05-09,979,460,81,438,0.5134425944841675
2025-05-10,479,199,34,246,0.4554716075156577
2025-05-11,599,219,61,319,0.42100183639398997
2025-05-12,959,524,92,343,0.5770394160583942
2025-05-13,1222,523,112,587,0.4757377250409165
2025-05-14,1027,474,105,448,0.5136200584225901
2025-05-15,1017,514,101,402,0.5402658800393313
2025-05-16,772,400,68,304,0.5512453367875647
2025-05-17,579,255,68,256,0.501819689119171
2025-05-18,422,202,32,188,0.5186888625592417
2025-05-19,759,395,70,294,0.5521470355731226
2025-05-20,703,399,65,239,0.5948556187766714
2025-05-21,706,346,53,307,0.5239415014164306
2025-05-22,652,330,57,265,0.5418788343558282
2025-05-23,785,331,52,402,0.4557698089171975
2025-05-24,575,231,40,304,0.438468
2025-05-25,1934,1548,78,308,0.7624667528438469
2025-05-26,2487,1785,165,537,0.7058234821069561
2025-05-27,2656,2038,147,471,0.7336980045180722
2025-05-28,3179,2404,189,586,0.7325040578798364
2025-05-29,4615,2603,298,1714,0.5801697508125677
2025-05-30,6014,3187,397,2430,0.55266277020286
2025-05-31,3909,2003,310,1596,0.537242926579688
2025-06-01,994,719,39,236,0.6856498993963783
2025-06-02,1116,741,51,324,0.6479290322580645
2025-06-03,1160,680,106,374,0.5978212068965518
2025-06-04,890,519,71,300,0.6006129213483146
2025-06-05,1931,886,153,892,0.502076799585707
2025-06-06,2583,1131,205,1247,0.47739175377468057
2025-06-07,1455,715,159,581,0.5377841237113402
2025-06-08,1220,575,135,510,0.5160739344262296
2025-06-09,1714,849,224,641,0.5478168611435239
2025-06-10,2726,1228,217,1281,0.4892615920763023
2025-06-11,3370,1921,247,1202,0.6049805637982196
2025-06-12,2316,962,235,1119,0.4703440846286701
2025-06-13,2561,992,261,1308,0.455670441233893
2025-06-14,3323,2378,242,703,0.7076900692145652
2025-06-15,8617,5858,661,2098,0.6874150864570037
2025-06-16,5277,3866,321,1090,0.7243590676520751
2025-06-17,5938,4094,470,1374,0.698382990906029
2025-06-18,6763,4722,474,1567,0.6970157770220318
2025-06-19,6411,4228,536,1647,0.670862174387771
2025-06-20,5740,3615,532,1593,0.6525739547038327
2025-06-21,3559,2547,276,736,0.7099536948581062
2025-06-22,2021,993,184,844,0.5345425531914894
2025-06-23,4343,2202,477,1664,0.5576080128943127
2025-06-24,3780,2003,410,1367,0.5756936772486773
2025-06-25,11123,5335,970,4818,0.5211243729209745
2025-06-26,5060,3019,464,1577,0.6310063833992094
2025-06-27,5085,2850,396,1839,0.5930921927236971
2025-06-28,3168,1552,249,1367,0.5303437184343434
2025-06-29,7130,3631,713,2786,0.5518613744740534
2025-06-30,25662,14068,2348,9246,0.5783592393422181
2025-07-01,6243,3143,566,2534,0.5469881307063912
2025-07-02,1044,658,106,280,0.6619939655172413
2025-07-03,10,8,1,1,0.8331
