source_dir,tweets,users
关税,53707,16332
国际合作,36642,9628
特朗普,28656,11466
芯片,23113,11892
股市波动,21374,6034
跨境电商,17809,7174
投资者信心,17497,4788
半导体,15349,5450
大豆,13088,8442
A股,12374,4102
民意,9623,5591
贸易壁垒,7986,4216
政策反馈,7488,3096
协议,7448,4734
政治舆论,7352,3436
汽车,5939,4548
美国,3810,3132
全球经济,3729,2371
出口,3617,3205
合作,3283,2735
电动车,3225,2736
美元,3009,2014
贸易逆差,2665,1803
经济,2501,2106
壁垒,2432,2237
稀土,2302,1663
国际资本流动,2287,1391
光伏,2184,1428
供应链,2033,1648
贸易战,1597,1305
黄金,1577,1383
拜登,1447,993
产业转移,1196,880
钢铁,1108,782
关税政策,1014,780
301调查,860,632
全球股市,680,458
抗议,531,456
外贸,515,440
进口,478,387
中国制造,439,372
欧盟,392,341
保护主义,392,334
反制,344,304
中美达成协议,331,278
汇率,272,248
通货膨胀,241,216
进口替代,240,214
GDP,194,173
豁免,179,173
贸易政策,137,130
新能源,109,103
反倾销,104,75
全球贸易战,91,83
中美贸易,83,81
双边关系,81,76
多边贸易,77,72
WTO,77,73
RCEP,75,69
国产替代,62,59
资本外流,32,32
反制措施,24,22
汇率波动,18,17
自由贸易区,13,7
经济制裁,13,13
对华关税,1,1
